<?xml version="1.0" encoding="UTF-8"?>
<project-private xmlns="http://www.netbeans.org/ns/project-private/1">
    <editor-bookmarks xmlns="http://www.netbeans.org/ns/editor-bookmarks/2" lastBookmarkId="0"/>
    <open-files xmlns="http://www.netbeans.org/ns/projectui-open-files/2">
        <group>
            <file>file:/C:/Users/juan/Desktop/lugares/RepasoUbicacion/ProyectUbicacion/src/View/Eliminar.java</file>
            <file>file:/C:/Users/juan/Desktop/lugares/RepasoUbicacion/ProyectUbicacion/src/View/Registrar.java</file>
            <file>file:/C:/Users/juan/Desktop/lugares/RepasoUbicacion/ProyectUbicacion/src/View/Consultar.java</file>
            <file>file:/C:/Users/juan/Desktop/lugares/RepasoUbicacion/ProyectUbicacion/src/View/Modificar.java</file>
        </group>
    </open-files>
</project-private>
